# Name,   Type, SubType, Offset,  Size, Flags
# Custom 4MB layout (this board has a 4MB flash chip — the previous version of
# this file was sized for 16MB and failed to boot: "partition ... exceeds
# flash chip size 0x400000"). Based on the stock esp32 "huge_app" scheme
# (single 3MB app, no second OTA slot — this project never calls the OTA
# APIs), with a small nvsnodes partition carved out for account/group/node
# persistence (see PERSISTENT_STORAGE_PARTITION in local_web.h).
nvs,      data, nvs,     0x9000,  0x5000,
otadata,  data, ota,     0xe000,  0x2000,
app0,     app,  ota_0,   0x10000, 0x300000,
nvsnodes, data, nvs,     0x310000,0x10000,
spiffs,   data, spiffs,  0x320000,0xD0000,
coredump, data, coredump,0x3F0000,0x10000,
